partner_name,url_slug,full_url,date_scraped
1 Realty Management,1rm,https://www.secondnature.com/property-management/1rm,2026-03-13
1st Cavalry Homes,1st-cavalry,https://www.secondnature.com/property-management/1st-cavalry,2026-03-13
1st Class Property Management,1st-class,https://www.secondnature.com/property-management/1st-class,2026-03-13
210 Realty Group LLC,210-realty,https://www.secondnature.com/property-management/210-realty,2026-03-13
302 East Ocean Front Management Inc,302-east-ocean-front,https://www.secondnature.com/property-management/302-east-ocean-front,2026-03-13
3G Properties Group,3g-properties,https://www.secondnature.com/property-management/3g-properties,2026-03-13
4D Property Solutions,4D-property-solutions,https://www.secondnature.com/property-management/4D-property-solutions,2026-03-13
6024 Property Management,6024,https://www.secondnature.com/property-management/6024,2026-03-13
A Step Ahead Management,a-step-ahead,https://www.secondnature.com/property-management/a-step-ahead,2026-03-13
AA Oceanfront Rentals and Sales,aa-oceanfront,https://www.secondnature.com/property-management/aa-oceanfront,2026-03-13
AA Oceanfront Rentals and Sales - Kona,aa-oceanfront-kona,https://www.secondnature.com/property-management/aa-oceanfront-kona,2026-03-13
AA Oceanfront Rentals and Sales - Maui,aa-oceanfront-maui,https://www.secondnature.com/property-management/aa-oceanfront-maui,2026-03-13
AA Oceanfront Rentals and Sales - Oahu,aa-oceanfront-oahu,https://www.secondnature.com/property-management/aa-oceanfront-oahu,2026-03-13
ABC Property Management,abc,https://www.secondnature.com/property-management/abc,2026-03-13
Above All Property Management,above-all,https://www.secondnature.com/property-management/above-all,2026-03-13
Action Properties,action,https://www.secondnature.com/property-management/action,2026-03-13
Aggieland Houses,aggieland-houses,https://www.secondnature.com/property-management/aggieland-houses,2026-03-13
A&L Management Services LLC,al-mgmt-nj,https://www.secondnature.com/property-management/al-mgmt-nj,2026-03-13
All Asset Property Management,all-asset,https://www.secondnature.com/property-management/all-asset,2026-03-13
All Brevard Property Management,all-brevard,https://www.secondnature.com/property-management/all-brevard,2026-03-13
All County Advance Property Management,all-country-advance,https://www.secondnature.com/property-management/all-country-advance,2026-03-13
All County - Property Management Pros,all-county,https://www.secondnature.com/property-management/all-county,2026-03-13
All County - First Choice,all-county-first-choice,https://www.secondnature.com/property-management/all-county-first-choice,2026-03-13
All County Property Management Specialists,all-county-specialists,https://www.secondnature.com/property-management/all-county-specialists,2026-03-13
All Star Realty,all-star-realty,https://www.secondnature.com/property-management/all-star-realty,2026-03-13
All County Diamond Property Management,allcountydiamond,https://www.secondnature.com/property-management/allcountydiamond,2026-03-13
Allegiance Property Management,allegiance,https://www.secondnature.com/property-management/allegiance,2026-03-13
Allegiant Management Group,allegiant-mg-rents,https://www.secondnature.com/property-management/allegiant-mg-rents,2026-03-13
Alliance Property Management,alliance,https://www.secondnature.com/property-management/alliance,2026-03-13
Allred Properties Inc,allred,https://www.secondnature.com/property-management/allred,2026-03-13
Alpha Capital Management,alpha-capital,https://www.secondnature.com/property-management/alpha-capital,2026-03-13
Alta Property Management Services,alta,https://www.secondnature.com/property-management/alta,2026-03-13
American Valor Realty,american-valor,https://www.secondnature.com/property-management/american-valor,2026-03-13
American West Realty and Management,american-west-realty,https://www.secondnature.com/property-management/american-west-realty,2026-03-13
Americas Rental Managers,americas-rental-managers,https://www.secondnature.com/property-management/americas-rental-managers,2026-03-13
AMP Capital City Group,amp-capital-city,https://www.secondnature.com/property-management/amp-capital-city,2026-03-13
Ampersand Property Management,ampersand,https://www.secondnature.com/property-management/ampersand,2026-03-13
Angie Toomey Real Estate Group,angie-toomey,https://www.secondnature.com/property-management/angie-toomey,2026-03-13
Ann Milton Realty,ann-milton,https://www.secondnature.com/property-management/ann-milton,2026-03-13
"Apex Property Management, LLC",apex,https://www.secondnature.com/property-management/apex,2026-03-13
Arkansas Homes And Rentals,ar-homes-rentals,https://www.secondnature.com/property-management/ar-homes-rentals,2026-03-13
Arizona Property Brokerage,arizona-property-brokerage,https://www.secondnature.com/property-management/arizona-property-brokerage,2026-03-13
Arrow Property Management,arrow,https://www.secondnature.com/property-management/arrow,2026-03-13
ASIR PM,asir,https://www.secondnature.com/property-management/asir,2026-03-13
Association and Real Property Advisors,assoc-and-rpa,https://www.secondnature.com/property-management/assoc-and-rpa,2026-03-13
Athens Property Management,athens,https://www.secondnature.com/property-management/athens,2026-03-13
Atkins Homes,atkins-homes,https://www.secondnature.com/property-management/atkins-homes,2026-03-13
Atlas Real Estate Group,atlas-reg,https://www.secondnature.com/property-management/atlas-reg,2026-03-13
Augusta Partners Property Management,augusta-partners,https://www.secondnature.com/property-management/augusta-partners,2026-03-13
Augusta Rental Homes,augustal-rental-homes,https://www.secondnature.com/property-management/augustal-rental-homes,2026-03-13
PMI Austin Metro,austinmetro,https://www.secondnature.com/property-management/austinmetro,2026-03-13
Austin's Best Property Management,austins-best,https://www.secondnature.com/property-management/austins-best,2026-03-13
Authority Property Management,authority,https://www.secondnature.com/property-management/authority,2026-03-13
Avalon Property Management,avalon,https://www.secondnature.com/property-management/avalon,2026-03-13
Arizona Equity Properties,az-equity-properties,https://www.secondnature.com/property-management/az-equity-properties,2026-03-13
AZ Rental Homes,azrental,https://www.secondnature.com/property-management/azrental,2026-03-13
b7 Properties,b7-properties,https://www.secondnature.com/property-management/b7-properties,2026-03-13
Bartomeo Property Management,bartomeo,https://www.secondnature.com/property-management/bartomeo,2026-03-13
Bayou State Property Management,bayou-state,https://www.secondnature.com/property-management/bayou-state,2026-03-13
Beach Sunsets Inc.,beach-sunsets,https://www.secondnature.com/property-management/beach-sunsets,2026-03-13
Belmont Management Group,belmont,https://www.secondnature.com/property-management/belmont,2026-03-13
Benchmark Properties,benchmark-properties,https://www.secondnature.com/property-management/benchmark-properties,2026-03-13
BHHS PenFed Realty - Property Management Division,bhhs-penfed-realty,https://www.secondnature.com/property-management/bhhs-penfed-realty,2026-03-13
BHHS RW Towne Property Management,bhhs-rw-towne,https://www.secondnature.com/property-management/bhhs-rw-towne,2026-03-13
"Birch Haven Management, LLC",birch-haven,https://www.secondnature.com/property-management/birch-haven,2026-03-13
Birch Real Estate Services,birch-res,https://www.secondnature.com/property-management/birch-res,2026-03-13
Blackstream Property Management,blackstream,https://www.secondnature.com/property-management/blackstream,2026-03-13
Blaze Property Management LLC,blaze,https://www.secondnature.com/property-management/blaze,2026-03-13
Bloom Real Estate,bloom-re,https://www.secondnature.com/property-management/bloom-re,2026-03-13
Blue Sail Property Management,blue-sail,https://www.secondnature.com/property-management/blue-sail,2026-03-13
BlueSky Property Management,blue-sky,https://www.secondnature.com/property-management/blue-sky,2026-03-13
Blue Sky Homes,blue-sky-homes,https://www.secondnature.com/property-management/blue-sky-homes,2026-03-13
Blue Sky Property Management Services LLC,blue-sky-orlando,https://www.secondnature.com/property-management/blue-sky-orlando,2026-03-13
PMI Bmore Metro,bmoremetro,https://www.secondnature.com/property-management/bmoremetro,2026-03-13
BMP Property Management,bmp,https://www.secondnature.com/property-management/bmp,2026-03-13
Bob Gunson Real Estate,bob-gunson,https://www.secondnature.com/property-management/bob-gunson,2026-03-13
The Boutique Real Estate Group,boutique-reg,https://www.secondnature.com/property-management/boutique-reg,2026-03-13
Best Property Management of TN and GA,bpm-chatt,https://www.secondnature.com/property-management/bpm-chatt,2026-03-13
Branch Property Management,branch,https://www.secondnature.com/property-management/branch,2026-03-13
West USA Realty - Brandon Edwards,brandon-edwards,https://www.secondnature.com/property-management/brandon-edwards,2026-03-13
Brandywine Homes,brandywine-homes,https://www.secondnature.com/property-management/brandywine-homes,2026-03-13
Breeden Real Estate,breeden,https://www.secondnature.com/property-management/breeden,2026-03-13
Brentwood Property Group,brentwood,https://www.secondnature.com/property-management/brentwood,2026-03-13
Brick and Bloom Property Management,brick-and-bloom,https://www.secondnature.com/property-management/brick-and-bloom,2026-03-13
BricksFolios,bricks-folios,https://www.secondnature.com/property-management/bricks-folios,2026-03-13
Brickyard Property Management,brickyard,https://www.secondnature.com/property-management/brickyard,2026-03-13
Bridge Homes,bridge-homes,https://www.secondnature.com/property-management/bridge-homes,2026-03-13
Brigs,brigs,https://www.secondnature.com/property-management/brigs,2026-03-13
BTS Properties,bts,https://www.secondnature.com/property-management/bts,2026-03-13
Bullhook Property Management LLC,bullhook,https://www.secondnature.com/property-management/bullhook,2026-03-13
Cabrillo Properties,cabrillo-properties,https://www.secondnature.com/property-management/cabrillo-properties,2026-03-13
CAL Property Management,cal,https://www.secondnature.com/property-management/cal,2026-03-13
Caldwell Property Management,caldwell,https://www.secondnature.com/property-management/caldwell,2026-03-13
Campus Connection Property Management,campus-connection,https://www.secondnature.com/property-management/campus-connection,2026-03-13
Capital Property Management,capital,https://www.secondnature.com/property-management/capital,2026-03-13
Cardinal Property Solutions,cardinal,https://www.secondnature.com/property-management/cardinal,2026-03-13
Carolina Moves,carolina-moves,https://www.secondnature.com/property-management/carolina-moves,2026-03-13
Carolina's Best Rental Homes,carolinas-best-rental-homes,https://www.secondnature.com/property-management/carolinas-best-rental-homes,2026-03-13
Carolinas Dynamic Realty,carolinas-dynamic,https://www.secondnature.com/property-management/carolinas-dynamic,2026-03-13
The Cavalieri Property Management,cavalieri,https://www.secondnature.com/property-management/cavalieri,2026-03-13
Cavalry Property Solutions LLC,cavalry,https://www.secondnature.com/property-management/cavalry,2026-03-13
CB Isaac Realty,cb-isaac-realty,https://www.secondnature.com/property-management/cb-isaac-realty,2026-03-13
Coldwell Banker Sunstar,cb-sunstar,https://www.secondnature.com/property-management/cb-sunstar,2026-03-13
CB Real Estate Property Management,cbre,https://www.secondnature.com/property-management/cbre,2026-03-13
Cedar Oaks Management,cedar-oaks,https://www.secondnature.com/property-management/cedar-oaks,2026-03-13
Cedar Ridge Management,cedar-ridge-mgmt,https://www.secondnature.com/property-management/cedar-ridge-mgmt,2026-03-13
Central Property Services,central-property-services,https://www.secondnature.com/property-management/central-property-services,2026-03-13
Century21 Integra,century21-integra,https://www.secondnature.com/property-management/century21-integra,2026-03-13
Charterhill Rentals,charterhill-rentals,https://www.secondnature.com/property-management/charterhill-rentals,2026-03-13
Chesson Property Management,chesson,https://www.secondnature.com/property-management/chesson,2026-03-13
Chicago Turnkey Properties,chicago-turnkey-prop,https://www.secondnature.com/property-management/chicago-turnkey-prop,2026-03-13
Choice Properties,choice-properties,https://www.secondnature.com/property-management/choice-properties,2026-03-13
CityPlace Property Management,city-place,https://www.secondnature.com/property-management/city-place,2026-03-13
CLB Property Management,clb,https://www.secondnature.com/property-management/clb,2026-03-13
Clover Property Management,clover,https://www.secondnature.com/property-management/clover,2026-03-13
Coldwell Banker Pryor Realty,coldwell-banker-pryor,https://www.secondnature.com/property-management/coldwell-banker-pryor,2026-03-13
Coldwell Banker Park Shore Property Management,coldwell-park-shore,https://www.secondnature.com/property-management/coldwell-park-shore,2026-03-13
Collaborate Real Estate Group,collaborate-reg,https://www.secondnature.com/property-management/collaborate-reg,2026-03-13
Colorado Realty and Property Management Inc.,colorado-realty,https://www.secondnature.com/property-management/colorado-realty,2026-03-13
"Colorado Realty and Property Management, Inc.",coloradorealty,https://www.secondnature.com/property-management/coloradorealty,2026-03-13
Concord Realty,concord-realty,https://www.secondnature.com/property-management/concord-realty,2026-03-13
Cornerstone Real Estate Team,cornerstone,https://www.secondnature.com/property-management/cornerstone,2026-03-13
Cornerstone Management Group,cornerstone-management,https://www.secondnature.com/property-management/cornerstone-management,2026-03-13
Costello Realty & Management,costello-realty,https://www.secondnature.com/property-management/costello-realty,2026-03-13
CPMI,cpmi,https://www.secondnature.com/property-management/cpmi,2026-03-13
Darth Properties,darth-properties,https://www.secondnature.com/property-management/darth-properties,2026-03-13
Deacon and Soldier Properties,deacon-and-soldier,https://www.secondnature.com/property-management/deacon-and-soldier,2026-03-13
DECA Realty Company,deca-realty,https://www.secondnature.com/property-management/deca-realty,2026-03-13
DeLex Realty,delex,https://www.secondnature.com/property-management/delex,2026-03-13
Triple Win Property Management,demo-profile-page,https://www.secondnature.com/property-management/demo-profile-page,2026-03-13
DeSantis Property Management,desantis,https://www.secondnature.com/property-management/desantis,2026-03-13
DeSelms Real Estate,deselms,https://www.secondnature.com/property-management/deselms,2026-03-13
DHC Property Management,dhc,https://www.secondnature.com/property-management/dhc,2026-03-13
Dickson Realty,dickson-realty,https://www.secondnature.com/property-management/dickson-realty,2026-03-13
Distinctive Real Estate,distinctive-re,https://www.secondnature.com/property-management/distinctive-re,2026-03-13
Dix Road Property Management,dix-road,https://www.secondnature.com/property-management/dix-road,2026-03-13
Don Johnson Company,don-johnson-company,https://www.secondnature.com/property-management/don-johnson-company,2026-03-13
Door To Door Realty and Property Management,door-to-door,https://www.secondnature.com/property-management/door-to-door,2026-03-13
Doorbia Property Management,doorbia,https://www.secondnature.com/property-management/doorbia,2026-03-13
Dream Big Property Management,dream-big,https://www.secondnature.com/property-management/dream-big,2026-03-13
Duck River Realty,duck-river,https://www.secondnature.com/property-management/duck-river,2026-03-13
Duerksen & Associates,duerksen-and-associates,https://www.secondnature.com/property-management/duerksen-and-associates,2026-03-13
"Duerksen & Associates, Inc. #3",duerksen-associates,https://www.secondnature.com/property-management/duerksen-associates,2026-03-13
Real Property Management - Dupage Preferred,dupage,https://www.secondnature.com/property-management/dupage,2026-03-13
Dwelling Network Living,dwelling-network,https://www.secondnature.com/property-management/dwelling-network,2026-03-13
Edgerow Property Management,edgerow,https://www.secondnature.com/property-management/edgerow,2026-03-13
EdgeStone,edgestone,https://www.secondnature.com/property-management/edgestone,2026-03-13
Edwards Property Management,edwards,https://www.secondnature.com/property-management/edwards,2026-03-13
Elevated Property Management,elevated,https://www.secondnature.com/property-management/elevated,2026-03-13
Elite Management Services,elite-management,https://www.secondnature.com/property-management/elite-management,2026-03-13
Elliott & Eijo,elliot-and-eijo,https://www.secondnature.com/property-management/elliot-and-eijo,2026-03-13
Elux Management,elux,https://www.secondnature.com/property-management/elux,2026-03-13
Evolve NV,evolve-nv,https://www.secondnature.com/property-management/evolve-nv,2026-03-13
new test,example,https://www.secondnature.com/property-management/example,2026-03-13
Exceptional Property Management,exceptional,https://www.secondnature.com/property-management/exceptional,2026-03-13
EXIT Realty Producers,exit-realty-producers,https://www.secondnature.com/property-management/exit-realty-producers,2026-03-13
FIG Property Management,fig,https://www.secondnature.com/property-management/fig,2026-03-13
Fine Homes Property Management,fine-homes,https://www.secondnature.com/property-management/fine-homes,2026-03-13
First United Realty & Management,first-united,https://www.secondnature.com/property-management/first-united,2026-03-13
Fischer Asset Management,fischer-asset,https://www.secondnature.com/property-management/fischer-asset,2026-03-13
Five Star Property Management- TN,five-star-tn,https://www.secondnature.com/property-management/five-star-tn,2026-03-13
"Flarent, Inc.",flarent,https://www.secondnature.com/property-management/flarent,2026-03-13
FLORIDA PROPERTY MANAGEMENT SERVICES LLC,florida-pms,https://www.secondnature.com/property-management/florida-pms,2026-03-13
Florida Resale Properties,florida-resale,https://www.secondnature.com/property-management/florida-resale,2026-03-13
Florida Suncoast Property Management,florida-suncoast,https://www.secondnature.com/property-management/florida-suncoast,2026-03-13
For Lease Clover,for-lease-clover,https://www.secondnature.com/property-management/for-lease-clover,2026-03-13
Ford Butler Property Management,ford-butler,https://www.secondnature.com/property-management/ford-butler,2026-03-13
Fort Hood Home Rentals,fort-hood,https://www.secondnature.com/property-management/fort-hood,2026-03-13
Fox Group Properties,fox-group-properties,https://www.secondnature.com/property-management/fox-group-properties,2026-03-13
Fox Group Properties,foxgroup,https://www.secondnature.com/property-management/foxgroup,2026-03-13
Freedom Rental Property Management,freedom-rental,https://www.secondnature.com/property-management/freedom-rental,2026-03-13
Full Scope Home Services,full-scope,https://www.secondnature.com/property-management/full-scope,2026-03-13
Fulton Grace Realty & Property Management,fulton-grace,https://www.secondnature.com/property-management/fulton-grace,2026-03-13
GC Realty & Development,gcrd,https://www.secondnature.com/property-management/gcrd,2026-03-13
General Property Management,general,https://www.secondnature.com/property-management/general,2026-03-13
THE GINSBERG GROUP,ginsberg-group,https://www.secondnature.com/property-management/ginsberg-group,2026-03-13
Glendale Property Management,glendale,https://www.secondnature.com/property-management/glendale,2026-03-13
Goldberg Property Management,goldberg,https://www.secondnature.com/property-management/goldberg,2026-03-13
Goldenrod Property Management,goldenrod,https://www.secondnature.com/property-management/goldenrod,2026-03-13
GOAL Properties/Gorelick - Bridge Homes,gorelick-bridge-homes,https://www.secondnature.com/property-management/gorelick-bridge-homes,2026-03-13
Greater Orlando Property Management,greaterorlando,https://www.secondnature.com/property-management/greaterorlando,2026-03-13
Greenbridge Properties,greenbridge,https://www.secondnature.com/property-management/greenbridge,2026-03-13
Grey Falcon Properties,grey-falcon,https://www.secondnature.com/property-management/grey-falcon,2026-03-13
Grey Haven Real Estate,grey-haven,https://www.secondnature.com/property-management/grey-haven,2026-03-13
Group One Real Estate,group-one,https://www.secondnature.com/property-management/group-one,2026-03-13
Grow Properties Management and Investments,grow-pmi,https://www.secondnature.com/property-management/grow-pmi,2026-03-13
GTWO Real Estate Management Company,gtwo-remc,https://www.secondnature.com/property-management/gtwo-remc,2026-03-13
Guerin Property Services,guerin,https://www.secondnature.com/property-management/guerin,2026-03-13
H and K Properties,h-and-k,https://www.secondnature.com/property-management/h-and-k,2026-03-13
Habitat Real Estate Property Management Solutions,habitat-res,https://www.secondnature.com/property-management/habitat-res,2026-03-13
Hacienda Bella Realty & Property Management,hacienda-bella,https://www.secondnature.com/property-management/hacienda-bella,2026-03-13
Harewood Homes,harewood-homes,https://www.secondnature.com/property-management/harewood-homes,2026-03-13
Hatch Property Management and Sales,hatch,https://www.secondnature.com/property-management/hatch,2026-03-13
Haus Realty,hausrealty,https://www.secondnature.com/property-management/hausrealty,2026-03-13
"Hawk Mgmt, Inc.",hawk-mgmt,https://www.secondnature.com/property-management/hawk-mgmt,2026-03-13
Hazel Valley Homes,hazel-valley,https://www.secondnature.com/property-management/hazel-valley,2026-03-13
HBR Rentals,hbr-rentals,https://www.secondnature.com/property-management/hbr-rentals,2026-03-13
HCO Leasing,hco-leasing,https://www.secondnature.com/property-management/hco-leasing,2026-03-13
Helen Painter Property Management,helen-painter,https://www.secondnature.com/property-management/helen-painter,2026-03-13
Hello Home Real Estate and Property Management,hello-home,https://www.secondnature.com/property-management/hello-home,2026-03-13
Hendricks Property Management,hendricks,https://www.secondnature.com/property-management/hendricks,2026-03-13
Hendricks Real Estate,hendricks-re,https://www.secondnature.com/property-management/hendricks-re,2026-03-13
Henry Property Management,henry,https://www.secondnature.com/property-management/henry,2026-03-13
Hero Real Estate,hero-re,https://www.secondnature.com/property-management/hero-re,2026-03-13
Hive Real Estate Group & Property Management,hive,https://www.secondnature.com/property-management/hive,2026-03-13
Holland Properties,holland-properties,https://www.secondnature.com/property-management/holland-properties,2026-03-13
Home by Choice,home-by-choice,https://www.secondnature.com/property-management/home-by-choice,2026-03-13
Home Pointe Property Management,home-pointe,https://www.secondnature.com/property-management/home-pointe,2026-03-13
Home Rental Pros,home-rental-pros,https://www.secondnature.com/property-management/home-rental-pros,2026-03-13
Home Spot Rentals,home-spot,https://www.secondnature.com/property-management/home-spot,2026-03-13
Home Team Rentals,home-team,https://www.secondnature.com/property-management/home-team,2026-03-13
Homebase,homebase,https://www.secondnature.com/property-management/homebase,2026-03-13
HomeFirst Property Management,homefirst,https://www.secondnature.com/property-management/homefirst,2026-03-13
Hometown Properties of the Gulf Coast,hometown-properties-gc,https://www.secondnature.com/property-management/hometown-properties-gc,2026-03-13
House2home Properties,house-2-home,https://www.secondnature.com/property-management/house-2-home,2026-03-13
Houselife Properties,houselife,https://www.secondnature.com/property-management/houselife,2026-03-13
HRM Apartments,hrm-apartments,https://www.secondnature.com/property-management/hrm-apartments,2026-03-13
Huneycutt Realtors,huneycutt-realtors,https://www.secondnature.com/property-management/huneycutt-realtors,2026-03-13
Icon Property Management,icon,https://www.secondnature.com/property-management/icon,2026-03-13
Innova Property Management LLC,innova,https://www.secondnature.com/property-management/innova,2026-03-13
Integrity Capital Management,integrity-capital,https://www.secondnature.com/property-management/integrity-capital,2026-03-13
Investment Brokers Of The Ozarks,investment-brokers-ozark,https://www.secondnature.com/property-management/investment-brokers-ozark,2026-03-13
Investment Safe Property Management,investment-safe,https://www.secondnature.com/property-management/investment-safe,2026-03-13
J&D Management,j-and-d,https://www.secondnature.com/property-management/j-and-d,2026-03-13
J&E Property Management,j-and-e,https://www.secondnature.com/property-management/j-and-e,2026-03-13
J & R Property Management,j-and-r,https://www.secondnature.com/property-management/j-and-r,2026-03-13
J Bowen & Company,j-bowen,https://www.secondnature.com/property-management/j-bowen,2026-03-13
Jamison Property Management,jamison,https://www.secondnature.com/property-management/jamison,2026-03-13
JCM Living,jcm-living,https://www.secondnature.com/property-management/jcm-living,2026-03-13
"Just Right Property Management, LLC",just-right,https://www.secondnature.com/property-management/just-right,2026-03-13
JWB Property Management,jwb,https://www.secondnature.com/property-management/jwb,2026-03-13
Kairos Property Management,kairos,https://www.secondnature.com/property-management/kairos,2026-03-13
Karka Properties LLC,karka-properties,https://www.secondnature.com/property-management/karka-properties,2026-03-13
"KB Realty Group, LLC",kb-realty-group,https://www.secondnature.com/property-management/kb-realty-group,2026-03-13
Key Realty Center,key-realty-center,https://www.secondnature.com/property-management/key-realty-center,2026-03-13
"Key Rents, LLC",key-rents,https://www.secondnature.com/property-management/key-rents,2026-03-13
Keyfinders Realty,keyfinders-realty,https://www.secondnature.com/property-management/keyfinders-realty,2026-03-13
Keyrenter Ashburn Property Management,keyrenter-ashburn,https://www.secondnature.com/property-management/keyrenter-ashburn,2026-03-13
Keyrenter Newport Beach Property Management,keyrenter-newport-beach,https://www.secondnature.com/property-management/keyrenter-newport-beach,2026-03-13
Keyrenter Property Management - Silicon Valley,keyrenter-silicon-valley,https://www.secondnature.com/property-management/keyrenter-silicon-valley,2026-03-13
Keyrenter Upstate Property Management,keyrenter-upstate,https://www.secondnature.com/property-management/keyrenter-upstate,2026-03-13
Kikumoto Real Estate,kikumoto,https://www.secondnature.com/property-management/kikumoto,2026-03-13
Kilpelainen Property Management,kilpelainen,https://www.secondnature.com/property-management/kilpelainen,2026-03-13
Keyrenter Property Management - Alexandria,kpm-alexandria,https://www.secondnature.com/property-management/kpm-alexandria,2026-03-13
Keyrenter Property Management - Annapolis,kpm-annapolis,https://www.secondnature.com/property-management/kpm-annapolis,2026-03-13
Keyrenter Property Management - Boise,kpm-boise,https://www.secondnature.com/property-management/kpm-boise,2026-03-13
Keyrenter Property Management - BuxMont,kpm-buxmont,https://www.secondnature.com/property-management/kpm-buxmont,2026-03-13
Keyrenter Property Management - Charleston,kpm-charleston,https://www.secondnature.com/property-management/kpm-charleston,2026-03-13
Keyrenter Property Management - Chester,kpm-chester,https://www.secondnature.com/property-management/kpm-chester,2026-03-13
Keyrenter Property Management - Chicago,kpm-chicago,https://www.secondnature.com/property-management/kpm-chicago,2026-03-13
Keyrenter Property Management - Denver,kpm-denver,https://www.secondnature.com/property-management/kpm-denver,2026-03-13
Keyrenter Property Management - Folsom,kpm-folsom,https://www.secondnature.com/property-management/kpm-folsom,2026-03-13
Keyrenter Property Management - Fort Myers,kpm-fort-myers,https://www.secondnature.com/property-management/kpm-fort-myers,2026-03-13
Keyrenter Property Management - Gilbert,kpm-gilbert,https://www.secondnature.com/property-management/kpm-gilbert,2026-03-13
Keyrenter Property Management - Hampton Roads,kpm-hampton-roads,https://www.secondnature.com/property-management/kpm-hampton-roads,2026-03-13
Keyrenter Property Management - Highlands Ranch,kpm-highlands-ranch,https://www.secondnature.com/property-management/kpm-highlands-ranch,2026-03-13
Keyrenter Property Management - Houston,kpm-houston,https://www.secondnature.com/property-management/kpm-houston,2026-03-13
Keyrenter Property Management - Jacksonville,kpm-jacksonville,https://www.secondnature.com/property-management/kpm-jacksonville,2026-03-13
Keyrenter Property Management - Knoxville,kpm-knoxville,https://www.secondnature.com/property-management/kpm-knoxville,2026-03-13
Keyrenter Property Management - McAllen,kpm-mcallen,https://www.secondnature.com/property-management/kpm-mcallen,2026-03-13
Keyrenter Property Management - Metro,kpm-metro,https://www.secondnature.com/property-management/kpm-metro,2026-03-13
Keyrenter Property Management - New England,kpm-new-england,https://www.secondnature.com/property-management/kpm-new-england,2026-03-13
Keyrenter Property Management - North Dallas,kpm-north-dallas,https://www.secondnature.com/property-management/kpm-north-dallas,2026-03-13
Keyrenter Property Management - North Fort Worth,kpm-north-fort-worth,https://www.secondnature.com/property-management/kpm-north-fort-worth,2026-03-13
Keyrenter Property Management - North Jersey,kpm-north-jersey,https://www.secondnature.com/property-management/kpm-north-jersey,2026-03-13
Keyrenter Property Management - Northwest Chicago,kpm-nw-chicago,https://www.secondnature.com/property-management/kpm-nw-chicago,2026-03-13
KeyRenter Property Management - Premier,kpm-premier,https://www.secondnature.com/property-management/kpm-premier,2026-03-13
Keyrenter Property Management - Raleigh,kpm-raleigh,https://www.secondnature.com/property-management/kpm-raleigh,2026-03-13
Keyrenter Property Management - Richmond,kpm-richmond,https://www.secondnature.com/property-management/kpm-richmond,2026-03-13
Keyrenter Property Management - Sacramento,kpm-sacramento,https://www.secondnature.com/property-management/kpm-sacramento,2026-03-13
Keyrenter Property Management - San Diego,kpm-san-diego,https://www.secondnature.com/property-management/kpm-san-diego,2026-03-13
Keyrenter Property Management - Sarasota,kpm-sarasota,https://www.secondnature.com/property-management/kpm-sarasota,2026-03-13
Keyrenter Property Management - South Florida,kpm-south-florida,https://www.secondnature.com/property-management/kpm-south-florida,2026-03-13
Keyrenter Property Management - St. George,kpm-st-george,https://www.secondnature.com/property-management/kpm-st-george,2026-03-13
Keyrenter Property Management - St. Louis West,kpm-stlouis-west,https://www.secondnature.com/property-management/kpm-stlouis-west,2026-03-13
Keyrenter Property Management - St. Pete,kpm-stpete,https://www.secondnature.com/property-management/kpm-stpete,2026-03-13
Keyrenter Property Management - Uptown Dallas,kpm-uptown-dallas,https://www.secondnature.com/property-management/kpm-uptown-dallas,2026-03-13
Kremer Realty Inc. Property Management Division,kremer-realty,https://www.secondnature.com/property-management/kremer-realty,2026-03-13
Krystle Properties,krystle-properties,https://www.secondnature.com/property-management/krystle-properties,2026-03-13
Kunkel Wittenauer Group,kunkel-wittenauer,https://www.secondnature.com/property-management/kunkel-wittenauer,2026-03-13
Los Angeles Property Management Group,la-pmg,https://www.secondnature.com/property-management/la-pmg,2026-03-13
Lake Michigan Property Management,lake-michigan,https://www.secondnature.com/property-management/lake-michigan,2026-03-13
Large Vision Property Management,large-vision,https://www.secondnature.com/property-management/large-vision,2026-03-13
Charles W. Lasserre Real Estate,lasserre,https://www.secondnature.com/property-management/lasserre,2026-03-13
LB Property Management,lb,https://www.secondnature.com/property-management/lb,2026-03-13
Leeson Real Estate Investment Firm,leeson-rei,https://www.secondnature.com/property-management/leeson-rei,2026-03-13
Legacy Realty Group North Florida,legacy-realty,https://www.secondnature.com/property-management/legacy-realty,2026-03-13
Liberty Property Management,liberty,https://www.secondnature.com/property-management/liberty,2026-03-13
Limehouse Property Management,limehouse,https://www.secondnature.com/property-management/limehouse,2026-03-13
Link Property Management,link,https://www.secondnature.com/property-management/link,2026-03-13
LIV Indy,liv-indy,https://www.secondnature.com/property-management/liv-indy,2026-03-13
Living Management,living-management,https://www.secondnature.com/property-management/living-management,2026-03-13
Locator Property Management,locator,https://www.secondnature.com/property-management/locator,2026-03-13
Lombard Equities,lombard-equities,https://www.secondnature.com/property-management/lombard-equities,2026-03-13
"Lone Star Realty and Property Management, Inc.",lone-star,https://www.secondnature.com/property-management/lone-star,2026-03-13
Longmont Property Group,longmont,https://www.secondnature.com/property-management/longmont,2026-03-13
Longstep Property Solutions,longstep,https://www.secondnature.com/property-management/longstep,2026-03-13
Lyon Property Group,lyon,https://www.secondnature.com/property-management/lyon,2026-03-13
Madsen Properties,madsen-properties,https://www.secondnature.com/property-management/madsen-properties,2026-03-13
Main Street Properties,main-street-prop,https://www.secondnature.com/property-management/main-street-prop,2026-03-13
Mainstay Rentals,mainstay-rentals,https://www.secondnature.com/property-management/mainstay-rentals,2026-03-13
Makita Home LLC,makita-home,https://www.secondnature.com/property-management/makita-home,2026-03-13
Manna Rentals,manna-rentals,https://www.secondnature.com/property-management/manna-rentals,2026-03-13
Maples Property Management,maples,https://www.secondnature.com/property-management/maples,2026-03-13
Marie Hansen Properties,marie-hansen,https://www.secondnature.com/property-management/marie-hansen,2026-03-13
Mark Brower Properties,mark-brower,https://www.secondnature.com/property-management/mark-brower,2026-03-13
Market Solutions Property Management,market-solutions,https://www.secondnature.com/property-management/market-solutions,2026-03-13
Maryland Property Management,maryland,https://www.secondnature.com/property-management/maryland,2026-03-13
MasterKey Property Management,masterkey,https://www.secondnature.com/property-management/masterkey,2026-03-13
McCaw Property Management,mccaw,https://www.secondnature.com/property-management/mccaw,2026-03-13
McIntire Real Estate,mcintire-re,https://www.secondnature.com/property-management/mcintire-re,2026-03-13
McWright Property Management,mcwright,https://www.secondnature.com/property-management/mcwright,2026-03-13
McWright Property Management,McWright-Property-Management,https://www.secondnature.com/property-management/McWright-Property-Management,2026-03-13
Merchant Property Management,merchant,https://www.secondnature.com/property-management/merchant,2026-03-13
Meridian Residential Group,meridian-residential-group,https://www.secondnature.com/property-management/meridian-residential-group,2026-03-13
Merrilyn Hall Realty,merrilyn-hall,https://www.secondnature.com/property-management/merrilyn-hall,2026-03-13
MH Properties,mh-properties,https://www.secondnature.com/property-management/mh-properties,2026-03-13
Mia Madison Properties,mia-madison,https://www.secondnature.com/property-management/mia-madison,2026-03-13
MIDCITI Property Management,midciti,https://www.secondnature.com/property-management/midciti,2026-03-13
Midsouth Home Rentals,midsouth-home,https://www.secondnature.com/property-management/midsouth-home,2026-03-13
MidSouth Modest Property Management,midsouth-modest,https://www.secondnature.com/property-management/midsouth-modest,2026-03-13
PMI Mile High,milehigh,https://www.secondnature.com/property-management/milehigh,2026-03-13
Mission Realty Property Management,mission-realty,https://www.secondnature.com/property-management/mission-realty,2026-03-13
Missoula Property Management,missoula,https://www.secondnature.com/property-management/missoula,2026-03-13
MJ Properties,mj,https://www.secondnature.com/property-management/mj,2026-03-13
Moore Team Rentals,moore-team-rentals,https://www.secondnature.com/property-management/moore-team-rentals,2026-03-13
Morgan Property Management,morgan,https://www.secondnature.com/property-management/morgan,2026-03-13
Mountain Heights Property Management,mountain-heights,https://www.secondnature.com/property-management/mountain-heights,2026-03-13
MTL Properties,mtl,https://www.secondnature.com/property-management/mtl,2026-03-13
Muddy River Properties,muddy-river,https://www.secondnature.com/property-management/muddy-river,2026-03-13
Narrow Path Property Management,narrow-path,https://www.secondnature.com/property-management/narrow-path,2026-03-13
Nashdom Realty,nashdom-realty,https://www.secondnature.com/property-management/nashdom-realty,2026-03-13
Neighborhood Realty Company,neighborhood-realty,https://www.secondnature.com/property-management/neighborhood-realty,2026-03-13
Nelson Property Management,nelson,https://www.secondnature.com/property-management/nelson,2026-03-13
New Beginnings Real Estate,new-beginnings,https://www.secondnature.com/property-management/new-beginnings,2026-03-13
New Day Property Managers,new-day,https://www.secondnature.com/property-management/new-day,2026-03-13
New Heights Realty,new-heights-realty,https://www.secondnature.com/property-management/new-heights-realty,2026-03-13
New Start Property Management,new-start,https://www.secondnature.com/property-management/new-start,2026-03-13
Newshire Property Management,newshire,https://www.secondnature.com/property-management/newshire,2026-03-13
Next Generation Property Management,next-generation,https://www.secondnature.com/property-management/next-generation,2026-03-13
NextHome Tropicana Realty,nexthome-tropicana,https://www.secondnature.com/property-management/nexthome-tropicana,2026-03-13
Nido Management,nido,https://www.secondnature.com/property-management/nido,2026-03-13
Niguel Point Properties,niguelpoint,https://www.secondnature.com/property-management/niguelpoint,2026-03-13
North Pacific Properties,north-pacific,https://www.secondnature.com/property-management/north-pacific,2026-03-13
Northern Pass Properties,northern-pass,https://www.secondnature.com/property-management/northern-pass,2026-03-13
ODP Property Management,odp,https://www.secondnature.com/property-management/odp,2026-03-13
Olive & CO Property Management,olive-and-co,https://www.secondnature.com/property-management/olive-and-co,2026-03-13
O'Malley Real Estate,omalley,https://www.secondnature.com/property-management/omalley,2026-03-13
Omega Realty Group,omega-rg,https://www.secondnature.com/property-management/omega-rg,2026-03-13
OneTree Property Management,one-tree,https://www.secondnature.com/property-management/one-tree,2026-03-13
Onyx Property Management - CA,onyx,https://www.secondnature.com/property-management/onyx,2026-03-13
Onyx Property Management,onyxres,https://www.secondnature.com/property-management/onyxres,2026-03-13
Orgel Realty and Mortgage,orgel,https://www.secondnature.com/property-management/orgel,2026-03-13
Orlando Realty & Property Management,orlando-realty,https://www.secondnature.com/property-management/orlando-realty,2026-03-13
Otter Property Management,otter,https://www.secondnature.com/property-management/otter,2026-03-13
Overcash Real Estate,overcash,https://www.secondnature.com/property-management/overcash,2026-03-13
Owens Property Management,owens,https://www.secondnature.com/property-management/owens,2026-03-13
Parker Brown Real Estate,parker-brown,https://www.secondnature.com/property-management/parker-brown,2026-03-13
Patton Allen Property Management,patton-allen,https://www.secondnature.com/property-management/patton-allen,2026-03-13
Peace Realty,peace-realty,https://www.secondnature.com/property-management/peace-realty,2026-03-13
Peak Real Estate Management,peak-rem,https://www.secondnature.com/property-management/peak-rem,2026-03-13
Peery's Property Management,peery,https://www.secondnature.com/property-management/peery,2026-03-13
Pennington Property Management,pennington,https://www.secondnature.com/property-management/pennington,2026-03-13
People 1st Realty LLC,people-1st,https://www.secondnature.com/property-management/people-1st,2026-03-13
Personal Property Management,personal,https://www.secondnature.com/property-management/personal,2026-03-13
Phoenix Property Management & Real Estate LLC,phoenix,https://www.secondnature.com/property-management/phoenix,2026-03-13
PMI 4U,pmi-4u,https://www.secondnature.com/property-management/pmi-4u,2026-03-13
PMI All American,pmi-all-american,https://www.secondnature.com/property-management/pmi-all-american,2026-03-13
Property Management Inc - Austin Experts,pmi-austin-experts,https://www.secondnature.com/property-management/pmi-austin-experts,2026-03-13
PMI Centennial,pmi-centennial,https://www.secondnature.com/property-management/pmi-centennial,2026-03-13
PMI Central Iowa,pmi-central-iowa,https://www.secondnature.com/property-management/pmi-central-iowa,2026-03-13
Property Management Inc - Cherry Creek,pmi-cherry-creek,https://www.secondnature.com/property-management/pmi-cherry-creek,2026-03-13
PMI Chi-Town,pmi-chi-town,https://www.secondnature.com/property-management/pmi-chi-town,2026-03-13
Property Management Inc - CLE eAgent,pmi-cleveland,https://www.secondnature.com/property-management/pmi-cleveland,2026-03-13
Property Management Inc - Columbia Riverbanks,pmi-columbia-riverbanks,https://www.secondnature.com/property-management/pmi-columbia-riverbanks,2026-03-13
Property Management Inc - Columbus,pmi-columbus,https://www.secondnature.com/property-management/pmi-columbus,2026-03-13
PMI Commonwealth,pmi-commonwealth,https://www.secondnature.com/property-management/pmi-commonwealth,2026-03-13
Property Management Inc - Elite Experience,pmi-elite-experience,https://www.secondnature.com/property-management/pmi-elite-experience,2026-03-13
PMI Elite Properties,pmi-elite-properties,https://www.secondnature.com/property-management/pmi-elite-properties,2026-03-13
PMI El Paso,pmi-elpaso,https://www.secondnature.com/property-management/pmi-elpaso,2026-03-13
Property Management Inc - Fort Mill,pmi-fort-mill,https://www.secondnature.com/property-management/pmi-fort-mill,2026-03-13
PMI Grand Visions,pmi-grand-visions,https://www.secondnature.com/property-management/pmi-grand-visions,2026-03-13
PMI Greater Detroit,pmi-great-detroit,https://www.secondnature.com/property-management/pmi-great-detroit,2026-03-13
PMI - Gulf Horizons,pmi-gulf-horizons,https://www.secondnature.com/property-management/pmi-gulf-horizons,2026-03-13
PMI Indianapolis,pmi-indianapolis,https://www.secondnature.com/property-management/pmi-indianapolis,2026-03-13
Property Management Inc - Key Bridge,pmi-key-bridge,https://www.secondnature.com/property-management/pmi-key-bridge,2026-03-13
Property Management Inc - Main Street Mgmt,pmi-main-street-mgmt,https://www.secondnature.com/property-management/pmi-main-street-mgmt,2026-03-13
Property Management Inc - Mason Dixon,pmi-mason-dixon,https://www.secondnature.com/property-management/pmi-mason-dixon,2026-03-13
PMI Milestone,pmi-milestone,https://www.secondnature.com/property-management/pmi-milestone,2026-03-13
PMI Music City,pmi-music-city,https://www.secondnature.com/property-management/pmi-music-city,2026-03-13
PMI MVP,pmi-mvp,https://www.secondnature.com/property-management/pmi-mvp,2026-03-13
PMI Navigate,pmi-navigate,https://www.secondnature.com/property-management/pmi-navigate,2026-03-13
PMI NWA Metro,pmi-nwa-metro,https://www.secondnature.com/property-management/pmi-nwa-metro,2026-03-13
PMI Orlando Parks,pmi-orlando-parks,https://www.secondnature.com/property-management/pmi-orlando-parks,2026-03-13
Property Management Inc - Palmetto,pmi-palmetto,https://www.secondnature.com/property-management/pmi-palmetto,2026-03-13
PMI River City,pmi-river-city,https://www.secondnature.com/property-management/pmi-river-city,2026-03-13
PMI Savannah Metro,pmi-savannah-metro,https://www.secondnature.com/property-management/pmi-savannah-metro,2026-03-13
PMI Service Group,pmi-service-group,https://www.secondnature.com/property-management/pmi-service-group,2026-03-13
Property Management Inc - South OC,pmi-south-oc,https://www.secondnature.com/property-management/pmi-south-oc,2026-03-13
Property Management Inc - Southern States,pmi-southern-states,https://www.secondnature.com/property-management/pmi-southern-states,2026-03-13
PMI Southwest Florida,pmi-southwest-florida,https://www.secondnature.com/property-management/pmi-southwest-florida,2026-03-13
"Property Management Inc, STL Metro",pmi-stl-metro,https://www.secondnature.com/property-management/pmi-stl-metro,2026-03-13
Property Management Inc. Stumptown,pmi-stumptown,https://www.secondnature.com/property-management/pmi-stumptown,2026-03-13
Property Management Inc - Summit,pmi-summit,https://www.secondnature.com/property-management/pmi-summit,2026-03-13
Property Management Inc.,pmi-template,https://www.secondnature.com/property-management/pmi-template,2026-03-13
Property Management PNW,pnw,https://www.secondnature.com/property-management/pnw,2026-03-13
Polaris Property Management,polaris,https://www.secondnature.com/property-management/polaris,2026-03-13
Posey Property Management,posey,https://www.secondnature.com/property-management/posey,2026-03-13
Powell Realty,powell-realty,https://www.secondnature.com/property-management/powell-realty,2026-03-13
PPG Property Management,ppg,https://www.secondnature.com/property-management/ppg,2026-03-13
Preferred Property Management - TX,ppm-tx,https://www.secondnature.com/property-management/ppm-tx,2026-03-13
Prestige Coastal Properties LLC,prestige-coastal,https://www.secondnature.com/property-management/prestige-coastal,2026-03-13
Primax Management,primax-mgmt,https://www.secondnature.com/property-management/primax-mgmt,2026-03-13
Prime Properties Tulsa,prime-properties-tulsa,https://www.secondnature.com/property-management/prime-properties-tulsa,2026-03-13
Professional Rental Organization,pro-rental-org,https://www.secondnature.com/property-management/pro-rental-org,2026-03-13
Progressive Urban Property Management,progressive-urban,https://www.secondnature.com/property-management/progressive-urban,2026-03-13
Proper Management,proper,https://www.secondnature.com/property-management/proper,2026-03-13
Property Solutions Management CO. LLC.,property-solutions-management,https://www.secondnature.com/property-management/property-solutions-management,2026-03-13
PURE Property Management of Florida,pure-florida,https://www.secondnature.com/property-management/pure-florida,2026-03-13
PURE Property Management of Tennessee,pure-tennessee,https://www.secondnature.com/property-management/pure-tennessee,2026-03-13
Purposeful Property Management,purposeful,https://www.secondnature.com/property-management/purposeful,2026-03-13
R Group Realty,r-group-realty,https://www.secondnature.com/property-management/r-group-realty,2026-03-13
"RADF Property Solutions, LLC",radf,https://www.secondnature.com/property-management/radf,2026-03-13
"RADF Property Solutions, LLC",radf-property-solutions,https://www.secondnature.com/property-management/radf-property-solutions,2026-03-13
Rail Trail Village,rail-trail-village,https://www.secondnature.com/property-management/rail-trail-village,2026-03-13
RAL Property Management,ral,https://www.secondnature.com/property-management/ral,2026-03-13
Ram Austin Property Management,ramaustin,https://www.secondnature.com/property-management/ramaustin,2026-03-13
Realty Management Advisors,real-management-advisors,https://www.secondnature.com/property-management/real-management-advisors,2026-03-13
Real Property Management,real-property-management,https://www.secondnature.com/property-management/real-property-management,2026-03-13
Realliance Property Management,realliance,https://www.secondnature.com/property-management/realliance,2026-03-13
Realty Masters of Florida,realtymastersofflorida,https://www.secondnature.com/property-management/realtymastersofflorida,2026-03-13
Realvest Property Management,realvest,https://www.secondnature.com/property-management/realvest,2026-03-13
RealWise Property Management,realwise,https://www.secondnature.com/property-management/realwise,2026-03-13
Red Bridge Property Management,red-bridge,https://www.secondnature.com/property-management/red-bridge,2026-03-13
Red Team Real Estate,red-team,https://www.secondnature.com/property-management/red-team,2026-03-13
Reedy and Company,reedy-and-company,https://www.secondnature.com/property-management/reedy-and-company,2026-03-13
Relax Property Management,relax,https://www.secondnature.com/property-management/relax,2026-03-13
Relevate Property Guides,relevate-property-guides,https://www.secondnature.com/property-management/relevate-property-guides,2026-03-13
Reliance Property Management,reliance,https://www.secondnature.com/property-management/reliance,2026-03-13
Reliant Property Management,reliant,https://www.secondnature.com/property-management/reliant,2026-03-13
Re/Max Of Alamogordo,remax-alamogordo,https://www.secondnature.com/property-management/remax-alamogordo,2026-03-13
Re/MAX Alliance Louisville,remax-alliance-louisville,https://www.secondnature.com/property-management/remax-alliance-louisville,2026-03-13
REMAX Real Estate Results,remax-re-results,https://www.secondnature.com/property-management/remax-re-results,2026-03-13
REMAX Unlimited,remax-unlimited,https://www.secondnature.com/property-management/remax-unlimited,2026-03-13
"Rent Appeal, Inc",rent-appeal,https://www.secondnature.com/property-management/rent-appeal,2026-03-13
Rent Builder Property Management,rent-builder,https://www.secondnature.com/property-management/rent-builder,2026-03-13
RentCare Property Management,rent-care,https://www.secondnature.com/property-management/rent-care,2026-03-13
Rent In Alaska,rent-in-alaska,https://www.secondnature.com/property-management/rent-in-alaska,2026-03-13
Rent Midlands,rent-midlands,https://www.secondnature.com/property-management/rent-midlands,2026-03-13
Rental Guys Property Management,rental-guys,https://www.secondnature.com/property-management/rental-guys,2026-03-13
Rental Revolution,rental-revolution,https://www.secondnature.com/property-management/rental-revolution,2026-03-13
Rental Success,rental-success,https://www.secondnature.com/property-management/rental-success,2026-03-13
Rental Real Estate,rentalrealestate,https://www.secondnature.com/property-management/rentalrealestate,2026-03-13
Renters Warehouse - Iowa,renters-warehouse-iowa,https://www.secondnature.com/property-management/renters-warehouse-iowa,2026-03-13
Rentfy Property Management,rentfy,https://www.secondnature.com/property-management/rentfy,2026-03-13
Rentifi,rentifi,https://www.secondnature.com/property-management/rentifi,2026-03-13
Resolute Property Management,resolute,https://www.secondnature.com/property-management/resolute,2026-03-13
Resolute RDM,resolute-rdm,https://www.secondnature.com/property-management/resolute-rdm,2026-03-13
Revitalize Realty,revitalize-realty,https://www.secondnature.com/property-management/revitalize-realty,2026-03-13
Revive Realty Group,revive-rg,https://www.secondnature.com/property-management/revive-rg,2026-03-13
Rezo Property Management,rezo,https://www.secondnature.com/property-management/rezo,2026-03-13
RHOME Atlanta,rhome-atlanta,https://www.secondnature.com/property-management/rhome-atlanta,2026-03-13
RHOME Chicago,rhome-chicago,https://www.secondnature.com/property-management/rhome-chicago,2026-03-13
RHOME DC Metro,rhome-dc-metro,https://www.secondnature.com/property-management/rhome-dc-metro,2026-03-13
RHOME Las Vegas,rhome-las-vegas,https://www.secondnature.com/property-management/rhome-las-vegas,2026-03-13
RHOME Michigan,rhome-michigan,https://www.secondnature.com/property-management/rhome-michigan,2026-03-13
RHOME Minnesota,rhome-minnesota,https://www.secondnature.com/property-management/rhome-minnesota,2026-03-13
RHOME Nashville,rhome-nashville,https://www.secondnature.com/property-management/rhome-nashville,2026-03-13
RHOME New Jersey,rhome-new-jersey,https://www.secondnature.com/property-management/rhome-new-jersey,2026-03-13
RHOME Rental + Home Management,rhome-rental-management,https://www.secondnature.com/property-management/rhome-rental-management,2026-03-13
Rhome - Soniat Realty,rhome-soniat,https://www.secondnature.com/property-management/rhome-soniat,2026-03-13
RHOME Texas,rhome-texas,https://www.secondnature.com/property-management/rhome-texas,2026-03-13
RHOME Utah,rhome-utah,https://www.secondnature.com/property-management/rhome-utah,2026-03-13
Riance Realty LLC,riance-realty,https://www.secondnature.com/property-management/riance-realty,2026-03-13
Richey Property Management LLC,richey,https://www.secondnature.com/property-management/richey,2026-03-13
Richfield Property Management,richfield,https://www.secondnature.com/property-management/richfield,2026-03-13
Ritchie's Management Group,ritchies-mg,https://www.secondnature.com/property-management/ritchies-mg,2026-03-13
Riva Ridge Property Management,riva-ridge,https://www.secondnature.com/property-management/riva-ridge,2026-03-13
River City Land Company,river-city,https://www.secondnature.com/property-management/river-city,2026-03-13
RiverTown Realty,rivertown-realty,https://www.secondnature.com/property-management/rivertown-realty,2026-03-13
Riverview Residential Management,riverview-residential,https://www.secondnature.com/property-management/riverview-residential,2026-03-13
Rob Brooks Realty Property Management,rob-brooks,https://www.secondnature.com/property-management/rob-brooks,2026-03-13
Rodman Properties,rodman-properties,https://www.secondnature.com/property-management/rodman-properties,2026-03-13
Real Property Management - Absolute,rpm-absolute,https://www.secondnature.com/property-management/rpm-absolute,2026-03-13
Real Property Management Advantage,rpm-advantage,https://www.secondnature.com/property-management/rpm-advantage,2026-03-13
Real Property Management - Affiliates,rpm-affiliates,https://www.secondnature.com/property-management/rpm-affiliates,2026-03-13
Real Property Management - Affinity,rpm-affinity,https://www.secondnature.com/property-management/rpm-affinity,2026-03-13
Real Property Management - Alamo,rpm-alamo,https://www.secondnature.com/property-management/rpm-alamo,2026-03-13
Real Property Management Albuquerque,rpm-albuquerque,https://www.secondnature.com/property-management/rpm-albuquerque,2026-03-13
Real Property Management - Allegiance,rpm-allegiance,https://www.secondnature.com/property-management/rpm-allegiance,2026-03-13
Real Property Management - Alliances,rpm-alliances,https://www.secondnature.com/property-management/rpm-alliances,2026-03-13
Real Property Management - Allies,rpm-allies,https://www.secondnature.com/property-management/rpm-allies,2026-03-13
Real Property Management - Anchor,rpm-anchor,https://www.secondnature.com/property-management/rpm-anchor,2026-03-13
Real Property Management Ascension,rpm-ascension,https://www.secondnature.com/property-management/rpm-ascension,2026-03-13
Real Property Management - Azalea City,rpm-azalea,https://www.secondnature.com/property-management/rpm-azalea,2026-03-13
Real Property Management - Beacon,rpm-beacon,https://www.secondnature.com/property-management/rpm-beacon,2026-03-13
Real Property Management - Bella,rpm-bella,https://www.secondnature.com/property-management/rpm-bella,2026-03-13
Real Property Management - Bluegrass,rpm-bluegrass,https://www.secondnature.com/property-management/rpm-bluegrass,2026-03-13
Real Property Management - Bozeman,rpm-bozeman,https://www.secondnature.com/property-management/rpm-bozeman,2026-03-13
Real Property Management - Brevard,rpm-brevard,https://www.secondnature.com/property-management/rpm-brevard,2026-03-13
Real Property Management Cambridge,rpm-cambridge,https://www.secondnature.com/property-management/rpm-cambridge,2026-03-13
Real Property Management Capital Region,rpm-capital-region,https://www.secondnature.com/property-management/rpm-capital-region,2026-03-13
Real Property Management - Catalyst,rpm-catalyst,https://www.secondnature.com/property-management/rpm-catalyst,2026-03-13
Real Property Management - Cedar City,rpm-cedar-city,https://www.secondnature.com/property-management/rpm-cedar-city,2026-03-13
Real Property Management - Champion,rpm-champion,https://www.secondnature.com/property-management/rpm-champion,2026-03-13
Real Property Management Charlotte Metro,rpm-charlotte-metro,https://www.secondnature.com/property-management/rpm-charlotte-metro,2026-03-13
Real Property Management - Chicago,rpm-chicago,https://www.secondnature.com/property-management/rpm-chicago,2026-03-13
Real Property Management - Clarity Central,rpm-clarity,https://www.secondnature.com/property-management/rpm-clarity,2026-03-13
Real Property Management - Coeur d'Alene,rpm-coeur-dAlene,https://www.secondnature.com/property-management/rpm-coeur-dAlene,2026-03-13
Real Property Management Consultants,rpm-consultants,https://www.secondnature.com/property-management/rpm-consultants,2026-03-13
Real Property Management - Coral,rpm-coral,https://www.secondnature.com/property-management/rpm-coral,2026-03-13
Real Property Management Crossroads,rpm-crossroads,https://www.secondnature.com/property-management/rpm-crossroads,2026-03-13
Real Property Management Diablo Valley,rpm-diablo-valley,https://www.secondnature.com/property-management/rpm-diablo-valley,2026-03-13
Real Property Management - Diversified,rpm-diversified,https://www.secondnature.com/property-management/rpm-diversified,2026-03-13
Real Property Management Division,rpm-division,https://www.secondnature.com/property-management/rpm-division,2026-03-13
Real Property Management - Elevation,rpm-elavation,https://www.secondnature.com/property-management/rpm-elavation,2026-03-13
Real Property Management - Elevate,rpm-elevate,https://www.secondnature.com/property-management/rpm-elevate,2026-03-13
Real Property Management Empire,rpm-empire,https://www.secondnature.com/property-management/rpm-empire,2026-03-13
Real Property Management - Engage,rpm-engage,https://www.secondnature.com/property-management/rpm-engage,2026-03-13
Real Property Management - Evertrust,rpm-evertrust,https://www.secondnature.com/property-management/rpm-evertrust,2026-03-13
Real Property Management - Excelled,rpm-excelled,https://www.secondnature.com/property-management/rpm-excelled,2026-03-13
Real Property Management - Excellence,rpm-excellence,https://www.secondnature.com/property-management/rpm-excellence,2026-03-13
Real Property Management Faith,rpm-faith,https://www.secondnature.com/property-management/rpm-faith,2026-03-13
Real Property Management - Fidelis,rpm-fidelis,https://www.secondnature.com/property-management/rpm-fidelis,2026-03-13
Real Property Management - Firebird,rpm-firebird,https://www.secondnature.com/property-management/rpm-firebird,2026-03-13
Real Property Management First Class,rpm-first-class,https://www.secondnature.com/property-management/rpm-first-class,2026-03-13
Real Property Management First Coast,rpm-first-coast,https://www.secondnature.com/property-management/rpm-first-coast,2026-03-13
Real Property Management - Focus,rpm-focus,https://www.secondnature.com/property-management/rpm-focus,2026-03-13
Real Property Management Freedom,rpm-freedom,https://www.secondnature.com/property-management/rpm-freedom,2026-03-13
Real Property Management Full Service,rpm-full-service,https://www.secondnature.com/property-management/rpm-full-service,2026-03-13
Real Property Management - Generations,rpm-generations,https://www.secondnature.com/property-management/rpm-generations,2026-03-13
Real Property Management Genesis,rpm-genesis,https://www.secondnature.com/property-management/rpm-genesis,2026-03-13
Real Property Management - Golden Dome,rpm-golden-dome,https://www.secondnature.com/property-management/rpm-golden-dome,2026-03-13
Real Property Management - Greenway,rpm-greenway,https://www.secondnature.com/property-management/rpm-greenway,2026-03-13
Real Property Management - Headwaters,rpm-headwaters,https://www.secondnature.com/property-management/rpm-headwaters,2026-03-13
Real Property Management - Highland,rpm-highland,https://www.secondnature.com/property-management/rpm-highland,2026-03-13
Real Property Management - Hill Country,rpm-hill-country,https://www.secondnature.com/property-management/rpm-hill-country,2026-03-13
Real Property Management Home Base,rpm-home-base,https://www.secondnature.com/property-management/rpm-home-base,2026-03-13
Real Property Management - Houston,rpm-houston,https://www.secondnature.com/property-management/rpm-houston,2026-03-13
Real Property Management Icon,rpm-icon,https://www.secondnature.com/property-management/rpm-icon,2026-03-13
Real Property Management - Ideal,rpm-ideal,https://www.secondnature.com/property-management/rpm-ideal,2026-03-13
Real Property Management - Innovation,rpm-innovation,https://www.secondnature.com/property-management/rpm-innovation,2026-03-13
Real Property Management Instant Equity - Fort Myers,rpm-instant-equity-ft-meyers,https://www.secondnature.com/property-management/rpm-instant-equity-ft-meyers,2026-03-13
Real Property Management - Instant Equity - SC,rpm-instant-equity-sc,https://www.secondnature.com/property-management/rpm-instant-equity-sc,2026-03-13
Real Property Management Instant Equity - Southwest,rpm-instant-equity-southwest,https://www.secondnature.com/property-management/rpm-instant-equity-southwest,2026-03-13
Real Property Management - Instant Equity - TX,rpm-instant-equity-tx,https://www.secondnature.com/property-management/rpm-instant-equity-tx,2026-03-13
Real Property Management - Integrity,rpm-integrity,https://www.secondnature.com/property-management/rpm-integrity,2026-03-13
Real Property Management - Integrity Yucca Valley,rpm-integrity-yucca,https://www.secondnature.com/property-management/rpm-integrity-yucca,2026-03-13
Real Property Management - Key Response,rpm-key-response,https://www.secondnature.com/property-management/rpm-key-response,2026-03-13
Real Property Management - Keystone,rpm-keystone,https://www.secondnature.com/property-management/rpm-keystone,2026-03-13
Real Property Management Leaders,rpm-leaders,https://www.secondnature.com/property-management/rpm-leaders,2026-03-13
Real Property Management - Longhorn,rpm-longhorn,https://www.secondnature.com/property-management/rpm-longhorn,2026-03-13
Real Property Management Luxury,rpm-luxury,https://www.secondnature.com/property-management/rpm-luxury,2026-03-13
Real Property Management Main,rpm-main,https://www.secondnature.com/property-management/rpm-main,2026-03-13
Real Property Management Marble City,rpm-marble-city,https://www.secondnature.com/property-management/rpm-marble-city,2026-03-13
Real Property Management Meridian,rpm-meridian,https://www.secondnature.com/property-management/rpm-meridian,2026-03-13
Real Property Management - Midtown,rpm-midtown,https://www.secondnature.com/property-management/rpm-midtown,2026-03-13
Real Property Management - North Point,rpm-north-point,https://www.secondnature.com/property-management/rpm-north-point,2026-03-13
Real Property Management NorthStar,rpm-northstar,https://www.secondnature.com/property-management/rpm-northstar,2026-03-13
Real Property Management Northwest Indiana,rpm-northwest-indiana,https://www.secondnature.com/property-management/rpm-northwest-indiana,2026-03-13
Real Property Management - One Source,rpm-one-source,https://www.secondnature.com/property-management/rpm-one-source,2026-03-13
Real Property Management Optimal,rpm-optimal,https://www.secondnature.com/property-management/rpm-optimal,2026-03-13
Real Property Management - Optimize,rpm-optimize,https://www.secondnature.com/property-management/rpm-optimize,2026-03-13
Real Property Management - Optimum,rpm-optimum,https://www.secondnature.com/property-management/rpm-optimum,2026-03-13
Real Property Management - Peace,rpm-peace,https://www.secondnature.com/property-management/rpm-peace,2026-03-13
Real Property Management - Perfection,rpm-perfection,https://www.secondnature.com/property-management/rpm-perfection,2026-03-13
Real Property Management - Piedmont,rpm-piedmont,https://www.secondnature.com/property-management/rpm-piedmont,2026-03-13
Real Property Management - Pittsburgh,rpm-pittsburgh,https://www.secondnature.com/property-management/rpm-pittsburgh,2026-03-13
Real Property Management Preferred,rpm-preferred,https://www.secondnature.com/property-management/rpm-preferred,2026-03-13
Real Property Management - Premier,rpm-premier,https://www.secondnature.com/property-management/rpm-premier,2026-03-13
Real Property Management - Premium,rpm-premium,https://www.secondnature.com/property-management/rpm-premium,2026-03-13
Real Property Management Presidential,rpm-presidential,https://www.secondnature.com/property-management/rpm-presidential,2026-03-13
Real Property Management Prestige,rpm-prestige,https://www.secondnature.com/property-management/rpm-prestige,2026-03-13
Real Property Management Priority,rpm-priority,https://www.secondnature.com/property-management/rpm-priority,2026-03-13
Real Property Management - Pros,rpm-pros,https://www.secondnature.com/property-management/rpm-pros,2026-03-13
Real Property Management Prosperity,rpm-prosperity,https://www.secondnature.com/property-management/rpm-prosperity,2026-03-13
Real Property Management - Qualified,rpm-qualified,https://www.secondnature.com/property-management/rpm-qualified,2026-03-13
Real Property Management Queen City,rpm-queen-city,https://www.secondnature.com/property-management/rpm-queen-city,2026-03-13
Real Property Management - Quest,rpm-quest,https://www.secondnature.com/property-management/rpm-quest,2026-03-13
Real Property Management Regions,rpm-regions,https://www.secondnature.com/property-management/rpm-regions,2026-03-13
Real Property Management Renowned,rpm-renowed,https://www.secondnature.com/property-management/rpm-renowed,2026-03-13
Real Property Management - Results,rpm-results,https://www.secondnature.com/property-management/rpm-results,2026-03-13
Real Property Management Richmond Metro,rpm-richmond-metro,https://www.secondnature.com/property-management/rpm-richmond-metro,2026-03-13
Real Property Management Sailfish Coast,rpm-sailfish-coast,https://www.secondnature.com/property-management/rpm-sailfish-coast,2026-03-13
Real Property Management - Salt Lake City,rpm-salt-lake-city,https://www.secondnature.com/property-management/rpm-salt-lake-city,2026-03-13
Real Property Management - Sapphire,rpm-sapphire,https://www.secondnature.com/property-management/rpm-sapphire,2026-03-13
Real Property Management Seacoast New Hampshire,rpm-seacoast-nh,https://www.secondnature.com/property-management/rpm-seacoast-nh,2026-03-13
Real Property Management Seasons,rpm-seasons,https://www.secondnature.com/property-management/rpm-seasons,2026-03-13
Real Property Management - Simplified,rpm-simplified,https://www.secondnature.com/property-management/rpm-simplified,2026-03-13
Real Property Management SoFlo,rpm-soflo,https://www.secondnature.com/property-management/rpm-soflo,2026-03-13
Real Property Management Solutions,rpm-solutions,https://www.secondnature.com/property-management/rpm-solutions,2026-03-13
Real Property Management South Orlando,rpm-south-orlando,https://www.secondnature.com/property-management/rpm-south-orlando,2026-03-13
RPM South Shore,rpm-south-shore,https://www.secondnature.com/property-management/rpm-south-shore,2026-03-13
Real Property Management - Southland,rpm-southland,https://www.secondnature.com/property-management/rpm-southland,2026-03-13
Real Property Management Specialist,rpm-specialist,https://www.secondnature.com/property-management/rpm-specialist,2026-03-13
Real Property Management Steel City,rpm-steel-city,https://www.secondnature.com/property-management/rpm-steel-city,2026-03-13
Real Property Management Stellar,rpm-stellar,https://www.secondnature.com/property-management/rpm-stellar,2026-03-13
Real Property Management Sterling,rpm-sterling,https://www.secondnature.com/property-management/rpm-sterling,2026-03-13
Real Property Management Success,rpm-success,https://www.secondnature.com/property-management/rpm-success,2026-03-13
Real Property Management Sugarland,rpm-sugarland,https://www.secondnature.com/property-management/rpm-sugarland,2026-03-13
Real Property Management Summit,rpm-summit,https://www.secondnature.com/property-management/rpm-summit,2026-03-13
Real Property Management - Sunstate,rpm-sunstate,https://www.secondnature.com/property-management/rpm-sunstate,2026-03-13
Real Property Management SW Coast,rpm-sw-coast,https://www.secondnature.com/property-management/rpm-sw-coast,2026-03-13
Real Property Management - Talent,rpm-talent,https://www.secondnature.com/property-management/rpm-talent,2026-03-13
Real Property Management Thrive,rpm-thrive,https://www.secondnature.com/property-management/rpm-thrive,2026-03-13
Real Property Management Tidal,rpm-tidal,https://www.secondnature.com/property-management/rpm-tidal,2026-03-13
Real Property Management TradeWinds,rpm-tradewinds,https://www.secondnature.com/property-management/rpm-tradewinds,2026-03-13
Real Property Management - Trailhead,rpm-trailhead,https://www.secondnature.com/property-management/rpm-trailhead,2026-03-13
Real Property Management Trusted Hands,rpm-trusted-hands,https://www.secondnature.com/property-management/rpm-trusted-hands,2026-03-13
Real Property Management Trustworthy,rpm-trustworthy,https://www.secondnature.com/property-management/rpm-trustworthy,2026-03-13
Real Property Management Upcountry,rpm-upcountry,https://www.secondnature.com/property-management/rpm-upcountry,2026-03-13
Real Property Management Vanguard,rpm-vanguard,https://www.secondnature.com/property-management/rpm-vanguard,2026-03-13
Real Property Management Varanasi,rpm-varanasi,https://www.secondnature.com/property-management/rpm-varanasi,2026-03-13
Real Property Management - Verita,rpm-verita,https://www.secondnature.com/property-management/rpm-verita,2026-03-13
Real Property Management Vesta,rpm-vesta,https://www.secondnature.com/property-management/rpm-vesta,2026-03-13
Real Property Management - Vision,rpm-vision,https://www.secondnature.com/property-management/rpm-vision,2026-03-13
Real Property Management - Washington DC,rpm-washington-dc,https://www.secondnature.com/property-management/rpm-washington-dc,2026-03-13
Real Property Management - West San Fernando Valley,rpm-west-san-fernando,https://www.secondnature.com/property-management/rpm-west-san-fernando,2026-03-13
Real Property Management - Zenith,rpm-zenith,https://www.secondnature.com/property-management/rpm-zenith,2026-03-13
Real Property Management Inc,rpmi,https://www.secondnature.com/property-management/rpmi,2026-03-13
RPPM,rppm,https://www.secondnature.com/property-management/rppm,2026-03-13
RTP Properties NC,rtp,https://www.secondnature.com/property-management/rtp,2026-03-13
Rubec Properties,rubec-properties,https://www.secondnature.com/property-management/rubec-properties,2026-03-13
The RVA Group Realty,rva-group,https://www.secondnature.com/property-management/rva-group,2026-03-13
Sage Real Estate and Property Management,sage,https://www.secondnature.com/property-management/sage,2026-03-13
PMI Santa Cruz,santacruz,https://www.secondnature.com/property-management/santacruz,2026-03-13
Sapir Realty,sapir-realty,https://www.secondnature.com/property-management/sapir-realty,2026-03-13
Sartorelli Real Estate,sartorelli,https://www.secondnature.com/property-management/sartorelli,2026-03-13
Schwalb Realty,schwalb-realty,https://www.secondnature.com/property-management/schwalb-realty,2026-03-13
SE Management Groups Inc,se-management-groups,https://www.secondnature.com/property-management/se-management-groups,2026-03-13
Select Property Management Group,select-pmg,https://www.secondnature.com/property-management/select-pmg,2026-03-13
Serenity Realty Group Inc,serenity-rgi,https://www.secondnature.com/property-management/serenity-rgi,2026-03-13
Service Near Property Management,service-near,https://www.secondnature.com/property-management/service-near,2026-03-13
Seven Gables Property Management,seven-gables,https://www.secondnature.com/property-management/seven-gables,2026-03-13
Shannon Property Management,shannon,https://www.secondnature.com/property-management/shannon,2026-03-13
Shelton Property Management,shelton,https://www.secondnature.com/property-management/shelton,2026-03-13
Sherman and Hemstreet,sherman-and-hemstreet,https://www.secondnature.com/property-management/sherman-and-hemstreet,2026-03-13
Short South Realty Group,short-south,https://www.secondnature.com/property-management/short-south,2026-03-13
S.I.G. Property Management,SIG-rentals,https://www.secondnature.com/property-management/SIG-rentals,2026-03-13
Skyline Property Management,skyline,https://www.secondnature.com/property-management/skyline,2026-03-13
SoCo Management,soco,https://www.secondnature.com/property-management/soco,2026-03-13
Softwind Realty LLC,softwind-realty,https://www.secondnature.com/property-management/softwind-realty,2026-03-13
Southern Oak Property,southern-oak,https://www.secondnature.com/property-management/southern-oak,2026-03-13
SOWN Realty Group,sown,https://www.secondnature.com/property-management/sown,2026-03-13
Sparrow Property Management,sparrow,https://www.secondnature.com/property-management/sparrow,2026-03-13
Spearhead Property Management,spearhead-property,https://www.secondnature.com/property-management/spearhead-property,2026-03-13
SPM Residential Services,spm-residential,https://www.secondnature.com/property-management/spm-residential,2026-03-13
Spruce Quality Rentals,spruce-quality,https://www.secondnature.com/property-management/spruce-quality,2026-03-13
S & S Property Services,ss-property-services,https://www.secondnature.com/property-management/ss-property-services,2026-03-13
Starr Property Management,starr,https://www.secondnature.com/property-management/starr,2026-03-13
Sterling & Associates Real Estate,sterling-and-associates,https://www.secondnature.com/property-management/sterling-and-associates,2026-03-13
A Sterling Approach Property Management,sterling-approach,https://www.secondnature.com/property-management/sterling-approach,2026-03-13
Stevens Realty,stevens-realty,https://www.secondnature.com/property-management/stevens-realty,2026-03-13
Stowers Real Estate,stowers,https://www.secondnature.com/property-management/stowers,2026-03-13
Strattford Residential,strattford-residential,https://www.secondnature.com/property-management/strattford-residential,2026-03-13
Stutts Properties Inc.,stutts-properties,https://www.secondnature.com/property-management/stutts-properties,2026-03-13
Sandy U Johnson and Associates,sujanda,https://www.secondnature.com/property-management/sujanda,2026-03-13
Suncoast Property Management,suncoast,https://www.secondnature.com/property-management/suncoast,2026-03-13
SunCoast Properties Carpinteria,suncoast-carpinteria,https://www.secondnature.com/property-management/suncoast-carpinteria,2026-03-13
Sundance Rental Management,sundance,https://www.secondnature.com/property-management/sundance,2026-03-13
Sunlight Property Management,sunlight,https://www.secondnature.com/property-management/sunlight,2026-03-13
Sunscape Property Management,sunscape,https://www.secondnature.com/property-management/sunscape,2026-03-13
Switchback Property Management,switchback,https://www.secondnature.com/property-management/switchback,2026-03-13
T&H Realty Services,t-and-h,https://www.secondnature.com/property-management/t-and-h,2026-03-13
Tactical Property Services,tactical,https://www.secondnature.com/property-management/tactical,2026-03-13
"TD Home Team, Inc.",td-home-team,https://www.secondnature.com/property-management/td-home-team,2026-03-13
Test,test,https://www.secondnature.com/property-management/test,2026-03-13
Example Company,test-company,https://www.secondnature.com/property-management/test-company,2026-03-13
Texas Luxe Realty,texas-luxe,https://www.secondnature.com/property-management/texas-luxe,2026-03-13
Texas Property Collective,texas-property-collective,https://www.secondnature.com/property-management/texas-property-collective,2026-03-13
"THE Brokerage, A Real Estate Firm®",the-brokerage,https://www.secondnature.com/property-management/the-brokerage,2026-03-13
The Bryants Company,the-bryants-company,https://www.secondnature.com/property-management/the-bryants-company,2026-03-13
"Weichert, Realtors - The Coffey Group",the-coffey-group,https://www.secondnature.com/property-management/the-coffey-group,2026-03-13
The Perfect Apt,the-perfect-apt,https://www.secondnature.com/property-management/the-perfect-apt,2026-03-13
The Realty Factor INC,the-realty-factor,https://www.secondnature.com/property-management/the-realty-factor,2026-03-13
The REIF,the-reif,https://www.secondnature.com/property-management/the-reif,2026-03-13
The Space Company,the-space-company,https://www.secondnature.com/property-management/the-space-company,2026-03-13
Tide Property Management,tide,https://www.secondnature.com/property-management/tide,2026-03-13
Titan Property Management,titan,https://www.secondnature.com/property-management/titan,2026-03-13
Tons of Rentals,tons-of-rentals,https://www.secondnature.com/property-management/tons-of-rentals,2026-03-13
Top Gun CRE,top-gun-cre,https://www.secondnature.com/property-management/top-gun-cre,2026-03-13
Total Commercial Real Estate,total-commercial,https://www.secondnature.com/property-management/total-commercial,2026-03-13
Touchstone Property Management - OR,touchstone-or,https://www.secondnature.com/property-management/touchstone-or,2026-03-13
Traverse Property Management,traverse,https://www.secondnature.com/property-management/traverse,2026-03-13
Trend Property Management,trend,https://www.secondnature.com/property-management/trend,2026-03-13
Tri-Star Management Group,tri-star,https://www.secondnature.com/property-management/tri-star,2026-03-13
Trinity Property Management,trinity,https://www.secondnature.com/property-management/trinity,2026-03-13
Truhome Property Solutions,truhome-property,https://www.secondnature.com/property-management/truhome-property,2026-03-13
TSA Property Management,TSA,https://www.secondnature.com/property-management/TSA,2026-03-13
"T-Square Real Estate Services, Inc.",tsquare,https://www.secondnature.com/property-management/tsquare,2026-03-13
Turn Key Up Investments,turn-key-up,https://www.secondnature.com/property-management/turn-key-up,2026-03-13
Turnkey Rentals,turnkey-rentals,https://www.secondnature.com/property-management/turnkey-rentals,2026-03-13
Twelve Rivers Management,twelve-rivers,https://www.secondnature.com/property-management/twelve-rivers,2026-03-13
UNLimited RE Colorado,unlimited-re-colorado,https://www.secondnature.com/property-management/unlimited-re-colorado,2026-03-13
Unlimited Property Solutions,ups-wilmington,https://www.secondnature.com/property-management/ups-wilmington,2026-03-13
USKO Properties,usko,https://www.secondnature.com/property-management/usko,2026-03-13
Valley Fair Realty,valley-fair,https://www.secondnature.com/property-management/valley-fair,2026-03-13
Valley Income Properties,valley-income-properties,https://www.secondnature.com/property-management/valley-income-properties,2026-03-13
Valleywide Property Management,valleywide,https://www.secondnature.com/property-management/valleywide,2026-03-13
Veno Properties LLC,veno,https://www.secondnature.com/property-management/veno,2026-03-13
Vesta PM,vesta,https://www.secondnature.com/property-management/vesta,2026-03-13
VIP Management,vip-management,https://www.secondnature.com/property-management/vip-management,2026-03-13
"Virginia Premier Investments, LLC",virginia-premier,https://www.secondnature.com/property-management/virginia-premier,2026-03-13
Wanda G Roberts Realty,wanda-roberts,https://www.secondnature.com/property-management/wanda-roberts,2026-03-13
Watson Realty Corp.,watson-realty,https://www.secondnature.com/property-management/watson-realty,2026-03-13
Watts Family Properties,watts-family,https://www.secondnature.com/property-management/watts-family,2026-03-13
WCR,wcr,https://www.secondnature.com/property-management/wcr,2026-03-13
West USA Realty,west-usa-realty,https://www.secondnature.com/property-management/west-usa-realty,2026-03-13
Westbank Management,westbank-mgmt,https://www.secondnature.com/property-management/westbank-mgmt,2026-03-13
Wilder Property Management,wilder,https://www.secondnature.com/property-management/wilder,2026-03-13
Wilmoth Group,wilmoth-group,https://www.secondnature.com/property-management/wilmoth-group,2026-03-13
WiseDoor Property Management,wisedoor,https://www.secondnature.com/property-management/wisedoor,2026-03-13
Won Realty,won-realty,https://www.secondnature.com/property-management/won-realty,2026-03-13
Your Neighborhood Realty,your-neighborhood-realty,https://www.secondnature.com/property-management/your-neighborhood-realty,2026-03-13
Zest Property Management,zest,https://www.secondnature.com/property-management/zest,2026-03-13
